/*
SQLyog Community v13.3.0 (64 bit)
MySQL - 10.4.32-MariaDB : Database - db_sepatu
*********************************************************************
*/

/*!40101 SET NAMES utf8 */;

/*!40101 SET SQL_MODE=''*/;

/*!40014 SET @OLD_UNIQUE_CHECKS=@@UNIQUE_CHECKS, UNIQUE_CHECKS=0 */;
/*!40014 SET @OLD_FOREIGN_KEY_CHECKS=@@FOREIGN_KEY_CHECKS, FOREIGN_KEY_CHECKS=0 */;
/*!40101 SET @OLD_SQL_MODE=@@SQL_MODE, SQL_MODE='NO_AUTO_VALUE_ON_ZERO' */;
/*!40111 SET @OLD_SQL_NOTES=@@SQL_NOTES, SQL_NOTES=0 */;
CREATE DATABASE /*!32312 IF NOT EXISTS*/`db_sepatu` /*!40100 DEFAULT CHARACTER SET utf8mb4 COLLATE utf8mb4_general_ci */;

USE `db_sepatu`;

/*Table structure for table `bahan_baku` */

DROP TABLE IF EXISTS `bahan_baku`;

CREATE TABLE `bahan_baku` (
  `ID` int(11) NOT NULL AUTO_INCREMENT,
  `NAMA` varchar(70) NOT NULL,
  `STOK` int(11) NOT NULL CHECK (`STOK` >= 0),
  `ID_SUPPLIER` int(11) NOT NULL,
  PRIMARY KEY (`ID`),
  UNIQUE KEY `NAMA` (`NAMA`),
  KEY `ID_SUPPLIER` (`ID_SUPPLIER`),
  CONSTRAINT `bahan_baku_ibfk_1` FOREIGN KEY (`ID_SUPPLIER`) REFERENCES `supplier` (`ID`)
) ENGINE=InnoDB AUTO_INCREMENT=76 DEFAULT CHARSET=utf8mb4 COLLATE=utf8mb4_general_ci;

/*Data for the table `bahan_baku` */

insert  into `bahan_baku`(`ID`,`NAMA`,`STOK`,`ID_SUPPLIER`) values 
(1,'Kulit Sintetis',500,1),
(2,'Kain Mesh',300,1),
(3,'Busa Insole',400,1),
(4,'Karet Outsole',450,1),
(5,'Jaring Ventilasi',250,1),
(6,'EVA Foam',600,2),
(7,'Busa EVA',350,2),
(8,'Kain Katun',500,2),
(9,'Benang Jahit Kuat',700,2),
(10,'Lem Super Adhesive',400,2),
(11,'Kulit Asli Sapi',300,3),
(12,'Kulit Suede',200,3),
(13,'Lapisan Kulit Dalam',250,3),
(14,'Serat Mikro',180,3),
(15,'Bahan Penguat Sol',220,3),
(16,'Sol Karet Hitam',600,4),
(17,'Sol Karet Putih',450,4),
(18,'Sol Karet Warna',350,4),
(19,'Material Anti Slip',500,4),
(20,'Lapisan Midsole',400,4),
(21,'Tali Sepatu Katun',800,5),
(22,'Tali Sepatu Nylon',700,5),
(23,'Tali Sepatu Elastis',650,5),
(24,'Tali Sepatu Waxed',600,5),
(25,'Tali Sepatu Kulit',500,5),
(26,'Pewarna Kain',400,6),
(27,'Pewarna Kulit',300,6),
(28,'Pewarna Karet',350,6),
(29,'Pewarna Busa',250,6),
(30,'Pewarna Tekstil',200,6),
(31,'Kancing Logam Bulat',500,7),
(32,'Kancing Logam Persegi',450,7),
(33,'Rivet Logam',400,7),
(34,'Buckle Sepatu',350,7),
(35,'Hiasan Logam',300,7),
(36,'Kain Kanvas',700,8),
(37,'Kain Denim',600,8),
(38,'Kain Stretch',550,8),
(39,'Lapisan Anti Air',500,8),
(40,'Lapisan Anti Noda',450,8),
(41,'Kotak Sepatu Karton',1000,9),
(42,'Plastik Pembungkus',900,9),
(43,'Label Kemasan',800,9),
(44,'Tas Belanja Kertas',700,9),
(45,'Sticker Merek',600,9),
(46,'Sol Busa',650,10),
(47,'Sol Karet Anti Slip',600,10),
(48,'Lapisan Insole',550,10),
(49,'Bantalan Tumit',500,10),
(50,'Lapisan Outsole',450,10),
(51,'Karet Mentah',700,11),
(52,'Karet Olahan',650,11),
(53,'Karet Fleksibel',600,11),
(54,'Karet Warna',550,11),
(55,'Karet Tahan Panas',500,11),
(56,'Lem Sepatu PU',800,12),
(57,'Lem Sepatu Latex',750,12),
(58,'Lem Tahan Air',700,12),
(59,'Lem Super Kuat',650,12),
(60,'Lem Transparan',600,12),
(61,'Kulit Domba Premium',200,13),
(62,'Kulit Buaya',150,13),
(63,'Kulit Unta',100,13),
(64,'Kulit Vegan',250,13),
(65,'Kulit Sapi Tebal',180,13),
(66,'Tali Sepatu Flat',900,14),
(67,'Tali Sepatu Bulat',850,14),
(68,'Tali Sepatu Tebal',800,14),
(69,'Tali Sepatu Tipis',750,14),
(70,'Tali Sepatu Custom',700,14),
(71,'Sol Sepatu EVA',700,15),
(72,'Sol Sepatu TPU',650,15),
(73,'Sol Sepatu Ultra Ringan',600,15),
(74,'Sol Sepatu Tahan Gesekan',550,15),
(75,'Sol Sepatu Transparan',500,15);

/*Table structure for table `detail_penjualan` */

DROP TABLE IF EXISTS `detail_penjualan`;

CREATE TABLE `detail_penjualan` (
  `ID_PENJUALAN` int(11) NOT NULL,
  `ID_PRODUK` int(11) NOT NULL,
  `QTY` int(11) NOT NULL CHECK (`QTY` > 0),
  `HARGA` decimal(10,2) NOT NULL CHECK (`HARGA` >= 0),
  PRIMARY KEY (`ID_PENJUALAN`,`ID_PRODUK`),
  KEY `ID_PRODUK` (`ID_PRODUK`),
  CONSTRAINT `detail_penjualan_ibfk_1` FOREIGN KEY (`ID_PENJUALAN`) REFERENCES `penjualan` (`ID`),
  CONSTRAINT `detail_penjualan_ibfk_2` FOREIGN KEY (`ID_PRODUK`) REFERENCES `produk` (`ID`)
) ENGINE=InnoDB DEFAULT CHARSET=utf8mb4 COLLATE=utf8mb4_general_ci;

/*Data for the table `detail_penjualan` */

insert  into `detail_penjualan`(`ID_PENJUALAN`,`ID_PRODUK`,`QTY`,`HARGA`) values 
(1,1,2,1800000.00),
(1,2,1,1400000.00),
(2,3,3,1700000.00),
(2,4,2,1600000.00),
(3,5,1,2100000.00),
(3,6,1,2200000.00),
(4,7,2,1300000.00),
(5,8,3,1900000.00),
(5,9,1,1500000.00),
(6,10,2,2300000.00),
(7,11,1,1400000.00),
(7,12,2,2000000.00),
(8,13,1,1900000.00),
(8,14,1,1200000.00),
(9,15,2,2100000.00),
(10,16,1,1300000.00),
(10,17,1,1800000.00),
(11,18,2,2000000.00),
(12,19,1,1500000.00),
(12,20,1,2200000.00),
(13,21,3,1400000.00),
(14,22,1,1600000.00),
(14,23,1,1900000.00),
(15,24,2,1800000.00),
(16,5,2,2100000.00),
(16,10,1,2300000.00),
(17,15,2,2100000.00),
(18,26,1,1900000.00),
(18,28,1,1300000.00),
(18,31,1,1100000.00),
(19,38,2,1100000.00),
(20,33,1,8500000.00),
(20,105,2,1250000.00),
(21,30,1,1400000.00),
(21,40,1,1000000.00),
(22,69,1,12000000.00),
(22,74,1,1900000.00),
(23,50,1,2600000.00),
(23,55,1,1500000.00),
(24,34,1,9000000.00),
(25,102,2,1200000.00),
(26,72,1,8500000.00),
(26,87,1,1400000.00),
(27,103,1,1100000.00),
(27,110,1,1300000.00),
(28,58,2,1900000.00),
(29,44,1,9200000.00),
(30,38,1,1100000.00),
(30,40,1,1000000.00);

/*Table structure for table `detail_pesanan_supplier` */

DROP TABLE IF EXISTS `detail_pesanan_supplier`;

CREATE TABLE `detail_pesanan_supplier` (
  `ID_PESANAN` int(11) NOT NULL,
  `ID_BAHAN` int(11) NOT NULL,
  `QTY` int(11) NOT NULL CHECK (`QTY` > 0),
  PRIMARY KEY (`ID_PESANAN`,`ID_BAHAN`),
  KEY `ID_BAHAN` (`ID_BAHAN`),
  CONSTRAINT `detail_pesanan_supplier_ibfk_1` FOREIGN KEY (`ID_PESANAN`) REFERENCES `pesanan_supplier` (`ID`),
  CONSTRAINT `detail_pesanan_supplier_ibfk_2` FOREIGN KEY (`ID_BAHAN`) REFERENCES `bahan_baku` (`ID`)
) ENGINE=InnoDB DEFAULT CHARSET=utf8mb4 COLLATE=utf8mb4_general_ci;

/*Data for the table `detail_pesanan_supplier` */

insert  into `detail_pesanan_supplier`(`ID_PESANAN`,`ID_BAHAN`,`QTY`) values 
(1,1,50),
(1,2,30),
(2,3,70),
(2,4,40),
(2,5,25),
(3,6,60),
(3,7,20),
(4,8,55),
(4,9,45),
(4,10,35),
(5,11,75),
(5,12,50),
(6,13,90),
(6,14,30),
(6,15,40),
(7,16,45),
(7,17,70),
(8,18,65),
(8,19,55),
(8,20,25),
(9,21,80),
(9,22,35),
(10,23,60),
(10,24,50),
(10,25,20),
(11,26,90),
(11,27,30),
(12,28,70),
(12,29,40),
(12,30,55),
(13,31,75),
(13,32,45),
(14,33,80),
(14,34,35),
(14,35,60),
(15,36,90),
(15,37,40),
(16,38,70),
(16,39,25),
(16,40,50),
(17,41,55),
(17,42,75),
(18,43,80),
(18,44,30),
(18,45,40),
(19,46,90),
(19,47,35),
(20,48,70),
(20,49,60),
(20,50,50),
(21,51,85),
(21,52,25),
(22,53,80),
(22,54,40),
(22,55,70),
(23,56,90),
(23,57,30),
(24,58,75),
(24,59,50),
(24,60,45),
(25,61,85),
(25,62,40),
(26,63,70),
(26,64,30),
(26,65,60),
(27,66,90),
(27,67,25),
(28,68,80),
(28,69,50),
(28,70,40),
(29,71,75),
(29,72,45),
(30,73,85),
(30,74,30),
(30,75,55),
(31,1,45),
(31,2,30),
(31,3,60),
(32,6,70),
(32,7,40),
(32,8,55),
(33,11,90),
(33,12,35),
(34,16,75),
(34,17,45),
(34,18,50),
(35,21,85),
(35,22,30),
(35,23,60),
(36,26,70),
(36,27,50),
(37,31,90),
(37,32,35),
(37,33,75),
(38,36,80),
(38,37,40),
(39,41,85),
(39,42,25),
(39,43,70),
(40,46,90),
(40,47,30),
(40,48,55),
(41,51,75),
(41,52,40),
(42,56,85),
(42,57,30),
(42,58,60),
(43,61,90),
(43,62,25),
(43,63,50),
(44,66,80),
(44,67,35),
(45,71,90),
(45,72,40),
(45,73,55),
(46,1,60),
(46,4,85),
(46,5,30),
(47,9,70),
(47,10,50),
(48,13,90),
(48,14,25),
(48,15,75),
(49,18,85),
(49,19,40),
(49,20,55),
(50,23,90),
(50,24,30),
(51,28,70),
(51,29,50),
(51,30,60),
(52,33,85),
(52,34,25),
(53,38,90),
(53,39,40),
(53,40,55),
(54,43,75),
(54,44,35),
(54,45,60),
(55,48,90),
(55,49,25),
(56,53,85),
(56,54,40),
(56,55,50),
(57,58,90),
(57,59,35),
(58,63,85),
(58,64,30),
(58,65,60),
(59,68,75),
(59,69,40),
(59,70,55),
(60,73,90),
(60,74,35),
(60,75,50);

/*Table structure for table `gudang` */

DROP TABLE IF EXISTS `gudang`;

CREATE TABLE `gudang` (
  `ID` int(11) NOT NULL AUTO_INCREMENT,
  `NAMA` varchar(40) NOT NULL,
  `ALAMAT` text NOT NULL,
  `TELEPON` varchar(15) NOT NULL,
  PRIMARY KEY (`ID`),
  UNIQUE KEY `NAMA` (`NAMA`),
  UNIQUE KEY `TELEPON` (`TELEPON`)
) ENGINE=InnoDB AUTO_INCREMENT=26 DEFAULT CHARSET=utf8mb4 COLLATE=utf8mb4_general_ci;

/*Data for the table `gudang` */

insert  into `gudang`(`ID`,`NAMA`,`ALAMAT`,`TELEPON`) values 
(1,'Gudang Utama','Jl. Industri No.1','081234510000'),
(2,'Gudang Barat','Jl. Industri No.2','081234510001'),
(3,'Gudang Timur','Jl. Industri No.3','081234510002'),
(4,'Gudang Pusat','Jl. Industri No.4','081234510003'),
(5,'Gudang Selatan','Jl. Industri No.5','081234510004'),
(6,'Gudang Gudang Jakarta','Jl. Raya Jakarta','081234510005'),
(7,'Gudang Bandung','Jl. Raya Bandung','081234510006'),
(8,'Gudang Surabaya','Jl. Raya Surabaya','081234510007'),
(9,'Gudang Medan','Jl. Raya Medan','081234510008'),
(10,'Gudang Makassar','Jl. Raya Makassar','081234510009'),
(11,'Gudang Palembang','Jl. Raya Palembang','081234510010'),
(12,'Gudang Semarang','Jl. Raya Semarang','081234510011'),
(13,'Gudang Yogyakarta','Jl. Raya Yogyakarta','081234510012'),
(14,'Gudang Bali','Jl. Raya Bali','081234510013'),
(15,'Gudang Aceh','Jl. Raya Aceh','081234510014'),
(16,'Gudang Makassar Baru','Jl. Mangga Dua No. 2','081234510015'),
(17,'Gudang Jakarta Barat','Jl. Merdeka Barat No. 1','081234510016'),
(18,'Gudang Semarang Timur','Jl. Pahlawan No. 5','081234510017'),
(19,'Gudang Surabaya Selatan','Jl. Taman Sidoarjo No. 3','081234510018'),
(20,'Gudang Palembang Utara','Jl. Kenanga No. 7','081234510019'),
(21,'Gudang Yogyakarta Barat','Jl. Wijaya Kusuma No. 4','081234510020'),
(22,'Gudang Aceh Timur','Jl. Sejahtera No. 6','081234510021'),
(23,'Gudang Bali Selatan','Jl. Pantai Sanur No. 8','081234510022'),
(24,'Gudang Bandung Utara','Jl. Cihampelas No. 10','081234510023'),
(25,'Gudang Medan Timur','Jl. Karya No. 9','081234510024');

/*Table structure for table `karyawan` */

DROP TABLE IF EXISTS `karyawan`;

CREATE TABLE `karyawan` (
  `ID` int(11) NOT NULL AUTO_INCREMENT,
  `NAMA` varchar(70) NOT NULL,
  `TELEPON` varchar(15) NOT NULL,
  `EMAIL` varchar(50) DEFAULT NULL,
  `ALAMAT` text NOT NULL,
  `JABATAN` varchar(50) NOT NULL,
  `GAJI_POKOK` decimal(10,2) NOT NULL CHECK (`GAJI_POKOK` > 0),
  PRIMARY KEY (`ID`),
  UNIQUE KEY `TELEPON` (`TELEPON`),
  UNIQUE KEY `EMAIL` (`EMAIL`)
) ENGINE=InnoDB AUTO_INCREMENT=16 DEFAULT CHARSET=utf8mb4 COLLATE=utf8mb4_general_ci;

/*Data for the table `karyawan` */

insert  into `karyawan`(`ID`,`NAMA`,`TELEPON`,`EMAIL`,`ALAMAT`,`JABATAN`,`GAJI_POKOK`) values 
(1,'Budi Santoso','081234567890','budi@email.com','Jl. Merdeka No.1','Manager Produksi',8000000.00),
(2,'Siti Aisyah','081234567891','siti@email.com','Jl. Mawar No.2','Supervisor',6000000.00),
(3,'Andi Wijaya','081234567892','andi@email.com','Jl. Melati No.3','Operator',5000000.00),
(4,'Rina Kartika','081234567893','rina@email.com','Jl. Kenanga No.4','Operator',5000000.00),
(5,'Joko Susilo','081234567894','joko@email.com','Jl. Anggrek No.5','Admin',4500000.00),
(6,'Dewi Lestari','081234567895','dewi@email.com','Jl. Teratai No.6','Admin',4500000.00),
(7,'Ahmad Fauzi','081234567896','ahmad@email.com','Jl. Dahlia No.7','Supervisor',6000000.00),
(8,'Yusuf Hadi','081234567897','yusuf@email.com','Jl. Cempaka No.8','Teknisi',5500000.00),
(9,'Sari Dewanti','081234567898','sari@email.com','Jl. Cemara No.9','Teknisi',5500000.00),
(10,'Hendra Saputra','081234567899','hendra@email.com','Jl. Bougenville No.10','Manager Keuangan',8500000.00),
(11,'Lisa Permata','081234567800','lisa@email.com','Jl. Kamboja No.11','HRD',7000000.00),
(12,'Tono Wijaya','081234567801','tono@email.com','Jl. Kaktus No.12','Driver',4000000.00),
(13,'Mila Fitriani','081234567802','mila@email.com','Jl. Melur No.13','CS',4000000.00),
(14,'Anton Salim','081234567803','anton@email.com','Jl. Rambutan No.14','Gudang',5000000.00),
(15,'Dian Pratiwi','081234567804','dian@email.com','Jl. Semangka No.15','Gudang',5000000.00);

/*Table structure for table `kategori` */

DROP TABLE IF EXISTS `kategori`;

CREATE TABLE `kategori` (
  `ID` int(11) NOT NULL AUTO_INCREMENT,
  `NAMA` varchar(30) NOT NULL,
  PRIMARY KEY (`ID`),
  UNIQUE KEY `NAMA` (`NAMA`)
) ENGINE=InnoDB AUTO_INCREMENT=16 DEFAULT CHARSET=utf8mb4 COLLATE=utf8mb4_general_ci;

/*Data for the table `kategori` */

insert  into `kategori`(`ID`,`NAMA`) values 
(2,'Boots'),
(7,'Casual'),
(13,'Flats'),
(8,'Formal'),
(12,'High Heels'),
(9,'Kids'),
(15,'Limited Edition'),
(3,'Loafers'),
(14,'Orthopedic'),
(10,'Outdoor'),
(4,'Sandals'),
(5,'Slip-On'),
(1,'Sneakers'),
(6,'Sports'),
(11,'Work');

/*Table structure for table `merk` */

DROP TABLE IF EXISTS `merk`;

CREATE TABLE `merk` (
  `ID` int(11) NOT NULL AUTO_INCREMENT,
  `NAMA` varchar(30) NOT NULL,
  PRIMARY KEY (`ID`),
  UNIQUE KEY `NAMA` (`NAMA`)
) ENGINE=InnoDB AUTO_INCREMENT=35 DEFAULT CHARSET=utf8mb4 COLLATE=utf8mb4_general_ci;

/*Data for the table `merk` */

insert  into `merk`(`ID`,`NAMA`) values 
(2,'Adidas'),
(6,'Asics'),
(17,'Bally'),
(23,'Brooks'),
(14,'Clarks'),
(20,'Columbia'),
(12,'Converse'),
(26,'Dior'),
(13,'Dr. Martens'),
(10,'Fila'),
(15,'Gucci'),
(24,'Hoka One One'),
(25,'Louis Vuitton'),
(18,'Merrell'),
(9,'Mizuno'),
(4,'New Balance'),
(1,'Nike'),
(16,'Prada'),
(3,'Puma'),
(5,'Reebok'),
(19,'Salomon'),
(8,'Skechers'),
(21,'The North Face'),
(22,'Timberland'),
(7,'Under Armour'),
(11,'Vans');

/*Table structure for table `pelanggan` */

DROP TABLE IF EXISTS `pelanggan`;

CREATE TABLE `pelanggan` (
  `ID` int(11) NOT NULL AUTO_INCREMENT,
  `NAMA` varchar(70) NOT NULL,
  `TELEPON` varchar(15) NOT NULL,
  `EMAIL` varchar(50) DEFAULT NULL,
  `ALAMAT` text NOT NULL,
  PRIMARY KEY (`ID`),
  UNIQUE KEY `TELEPON` (`TELEPON`),
  UNIQUE KEY `EMAIL` (`EMAIL`)
) ENGINE=InnoDB AUTO_INCREMENT=16 DEFAULT CHARSET=utf8mb4 COLLATE=utf8mb4_general_ci;

/*Data for the table `pelanggan` */

insert  into `pelanggan`(`ID`,`NAMA`,`TELEPON`,`EMAIL`,`ALAMAT`) values 
(1,'Rudi Hartono','081299876500','rudi@mail.com','Jakarta'),
(2,'Siti Aminah','081299876501','siti@mail.com','Surabaya'),
(3,'Ahmad Fauzi','081299876502','ahmad@mail.com','Bandung'),
(4,'Dewi Kartika','081299876503','dewi@mail.com','Medan'),
(5,'Hendra Wijaya','081299876504','hendra@mail.com','Semarang'),
(6,'Nina Kusuma','081299876505','nina@mail.com','Yogyakarta'),
(7,'Budi Rahman','081299876506','budi@mail.com','Makassar'),
(8,'Citra Maharani','081299876507','citra@mail.com','Palembang'),
(9,'Indra Putra','081299876508','indra@mail.com','Balikpapan'),
(10,'Lina Permata','081299876509','lina@mail.com','Denpasar'),
(11,'Andi Wijaya','081712345678','andi@example.com','Pontianak'),
(12,'Budi Susanto','081812345678','budi@example.com','Banjarmasin'),
(13,'Citra Lestari','081912345678','citra@example.com','Surabaya'),
(14,'Doni Prasetyo','082012345678','doni@example.com','Medan'),
(15,'Eka Sari','082112345678','eka@example.com','Jambi');

/*Table structure for table `penggajian` */

DROP TABLE IF EXISTS `penggajian`;

CREATE TABLE `penggajian` (
  `ID` int(11) NOT NULL AUTO_INCREMENT,
  `ID_KARYAWAN` int(11) NOT NULL,
  `BULAN` varchar(10) NOT NULL,
  `GAJI` decimal(10,2) NOT NULL CHECK (`GAJI` > 0),
  PRIMARY KEY (`ID`),
  KEY `ID_KARYAWAN` (`ID_KARYAWAN`),
  CONSTRAINT `penggajian_ibfk_1` FOREIGN KEY (`ID_KARYAWAN`) REFERENCES `karyawan` (`ID`)
) ENGINE=InnoDB AUTO_INCREMENT=46 DEFAULT CHARSET=utf8mb4 COLLATE=utf8mb4_general_ci;

/*Data for the table `penggajian` */

insert  into `penggajian`(`ID`,`ID_KARYAWAN`,`BULAN`,`GAJI`) values 
(1,1,'Januari',5500000.00),
(2,1,'Februari',5500000.00),
(3,1,'Maret',5500000.00),
(4,2,'Januari',6000000.00),
(5,2,'Februari',6000000.00),
(6,2,'Maret',6000000.00),
(7,3,'Januari',5000000.00),
(8,3,'Februari',5000000.00),
(9,3,'Maret',5000000.00),
(10,4,'Januari',5200000.00),
(11,4,'Februari',5200000.00),
(12,4,'Maret',5200000.00),
(13,5,'Januari',4800000.00),
(14,5,'Februari',4800000.00),
(15,5,'Maret',4800000.00),
(16,6,'Januari',5300000.00),
(17,6,'Februari',5300000.00),
(18,6,'Maret',5300000.00),
(19,7,'Januari',5800000.00),
(20,7,'Februari',5800000.00),
(21,7,'Maret',5800000.00),
(22,8,'Januari',5600000.00),
(23,8,'Februari',5600000.00),
(24,8,'Maret',5600000.00),
(25,9,'Januari',4900000.00),
(26,9,'Februari',4900000.00),
(27,9,'Maret',4900000.00),
(28,10,'Januari',5100000.00),
(29,10,'Februari',5100000.00),
(30,10,'Maret',5100000.00),
(31,11,'Januari',6200000.00),
(32,11,'Februari',6200000.00),
(33,11,'Maret',6200000.00),
(34,12,'Januari',5900000.00),
(35,12,'Februari',5900000.00),
(36,12,'Maret',5900000.00),
(37,13,'Januari',6400000.00),
(38,13,'Februari',6400000.00),
(39,13,'Maret',6400000.00),
(40,14,'Januari',5700000.00),
(41,14,'Februari',5700000.00),
(42,14,'Maret',5700000.00),
(43,15,'Januari',6100000.00),
(44,15,'Februari',6100000.00),
(45,15,'Maret',6100000.00);

/*Table structure for table `penjualan` */

DROP TABLE IF EXISTS `penjualan`;

CREATE TABLE `penjualan` (
  `ID` int(11) NOT NULL AUTO_INCREMENT,
  `ID_PELANGGAN` int(11) NOT NULL,
  `TANGGAL` date NOT NULL,
  `TOTAL_HARGA` decimal(10,2) NOT NULL CHECK (`TOTAL_HARGA` >= 0),
  `STATUS` enum('Pending','Selesai','Dibatalkan') DEFAULT 'Pending',
  PRIMARY KEY (`ID`),
  KEY `ID_PELANGGAN` (`ID_PELANGGAN`),
  CONSTRAINT `penjualan_ibfk_1` FOREIGN KEY (`ID_PELANGGAN`) REFERENCES `pelanggan` (`ID`)
) ENGINE=InnoDB AUTO_INCREMENT=51 DEFAULT CHARSET=utf8mb4 COLLATE=utf8mb4_general_ci;

/*Data for the table `penjualan` */

insert  into `penjualan`(`ID`,`ID_PELANGGAN`,`TANGGAL`,`TOTAL_HARGA`,`STATUS`) values 
(1,1,'2023-10-01',3200000.00,'Selesai'),
(2,2,'2023-10-02',4500000.00,'Pending'),
(3,3,'2023-10-03',2800000.00,'Selesai'),
(4,4,'2023-10-04',1900000.00,'Dibatalkan'),
(5,5,'2023-10-05',5600000.00,'Selesai'),
(6,6,'2023-10-06',3200000.00,'Pending'),
(7,7,'2023-10-07',4100000.00,'Selesai'),
(8,8,'2023-10-08',2200000.00,'Selesai'),
(9,9,'2023-10-09',3300000.00,'Pending'),
(10,10,'2023-10-10',2700000.00,'Selesai'),
(11,11,'2023-10-11',3800000.00,'Selesai'),
(12,12,'2023-10-12',2900000.00,'Dibatalkan'),
(13,13,'2023-10-13',4400000.00,'Selesai'),
(14,14,'2023-10-14',2100000.00,'Pending'),
(15,15,'2023-10-15',3500000.00,'Selesai'),
(16,3,'2023-10-16',4200000.00,'Selesai'),
(17,5,'2023-10-17',3100000.00,'Pending'),
(18,7,'2023-10-18',2500000.00,'Selesai'),
(19,9,'2023-10-19',3900000.00,'Dibatalkan'),
(20,11,'2023-10-20',4800000.00,'Selesai'),
(21,2,'2023-10-21',2200000.00,'Pending'),
(22,4,'2023-10-22',3600000.00,'Selesai'),
(23,6,'2023-10-23',2700000.00,'Selesai'),
(24,8,'2023-10-24',4100000.00,'Pending'),
(25,10,'2023-10-25',3300000.00,'Selesai'),
(26,12,'2023-10-26',2900000.00,'Dibatalkan'),
(27,14,'2023-10-27',4400000.00,'Selesai'),
(28,1,'2023-10-28',2100000.00,'Pending'),
(29,3,'2023-10-29',3500000.00,'Selesai'),
(30,5,'2023-10-30',3800000.00,'Selesai');

/*Table structure for table `pesanan_supplier` */

DROP TABLE IF EXISTS `pesanan_supplier`;

CREATE TABLE `pesanan_supplier` (
  `ID` int(11) NOT NULL AUTO_INCREMENT,
  `ID_SUPPLIER` int(11) NOT NULL,
  `TANGGAL` date NOT NULL,
  `STATUS` enum('Diproses','Selesai','Dibatalkan') DEFAULT 'Diproses',
  PRIMARY KEY (`ID`),
  KEY `ID_SUPPLIER` (`ID_SUPPLIER`),
  CONSTRAINT `pesanan_supplier_ibfk_1` FOREIGN KEY (`ID_SUPPLIER`) REFERENCES `supplier` (`ID`)
) ENGINE=InnoDB AUTO_INCREMENT=61 DEFAULT CHARSET=utf8mb4 COLLATE=utf8mb4_general_ci;

/*Data for the table `pesanan_supplier` */

insert  into `pesanan_supplier`(`ID`,`ID_SUPPLIER`,`TANGGAL`,`STATUS`) values 
(1,1,'2025-03-20','Diproses'),
(2,1,'2025-03-25','Selesai'),
(3,2,'2025-03-18','Dibatalkan'),
(4,2,'2025-03-22','Diproses'),
(5,3,'2025-03-21','Selesai'),
(6,3,'2025-03-26','Dibatalkan'),
(7,4,'2025-03-15','Diproses'),
(8,4,'2025-03-19','Selesai'),
(9,5,'2025-03-17','Dibatalkan'),
(10,5,'2025-03-23','Diproses'),
(11,6,'2025-03-27','Selesai'),
(12,6,'2025-03-30','Diproses'),
(13,7,'2025-03-24','Dibatalkan'),
(14,7,'2025-03-29','Selesai'),
(15,8,'2025-03-28','Diproses'),
(16,8,'2025-03-31','Selesai'),
(17,9,'2025-03-16','Dibatalkan'),
(18,9,'2025-03-21','Diproses'),
(19,10,'2025-03-22','Selesai'),
(20,10,'2025-03-27','Diproses'),
(21,11,'2025-03-26','Dibatalkan'),
(22,11,'2025-03-30','Selesai'),
(23,12,'2025-03-23','Diproses'),
(24,12,'2025-03-28','Selesai'),
(25,13,'2025-03-25','Dibatalkan'),
(26,13,'2025-03-29','Diproses'),
(27,14,'2025-03-17','Selesai'),
(28,14,'2025-03-20','Diproses'),
(29,15,'2025-03-21','Dibatalkan'),
(30,15,'2025-03-24','Selesai'),
(31,1,'2025-04-01','Diproses'),
(32,2,'2025-04-02','Selesai'),
(33,3,'2025-04-03','Dibatalkan'),
(34,4,'2025-04-04','Diproses'),
(35,5,'2025-04-05','Selesai'),
(36,6,'2025-04-06','Dibatalkan'),
(37,7,'2025-04-07','Diproses'),
(38,8,'2025-04-08','Selesai'),
(39,9,'2025-04-09','Dibatalkan'),
(40,10,'2025-04-10','Diproses'),
(41,11,'2025-04-11','Selesai'),
(42,12,'2025-04-12','Dibatalkan'),
(43,13,'2025-04-13','Diproses'),
(44,14,'2025-04-14','Selesai'),
(45,15,'2025-04-15','Dibatalkan'),
(46,1,'2025-04-16','Diproses'),
(47,2,'2025-04-17','Selesai'),
(48,3,'2025-04-18','Dibatalkan'),
(49,4,'2025-04-19','Diproses'),
(50,5,'2025-04-20','Selesai'),
(51,6,'2025-04-21','Dibatalkan'),
(52,7,'2025-04-22','Diproses'),
(53,8,'2025-04-23','Selesai'),
(54,9,'2025-04-24','Dibatalkan'),
(55,10,'2025-04-25','Diproses'),
(56,11,'2025-04-26','Selesai'),
(57,12,'2025-04-27','Dibatalkan'),
(58,13,'2025-04-28','Diproses'),
(59,14,'2025-04-29','Selesai'),
(60,15,'2025-04-30','Dibatalkan');

/*Table structure for table `produk` */

DROP TABLE IF EXISTS `produk`;

CREATE TABLE `produk` (
  `ID` int(11) NOT NULL AUTO_INCREMENT,
  `KODE` varchar(10) NOT NULL,
  `NAMA` varchar(70) NOT NULL,
  `DESKRIPSI` text DEFAULT NULL,
  `HARGA` decimal(10,2) NOT NULL,
  `ID_KATEGORI` int(11) NOT NULL,
  `ID_MERK` int(11) NOT NULL,
  `STOK` int(11) NOT NULL CHECK (`STOK` >= 0),
  `STATUS` enum('Aktif','Tidak Aktif') DEFAULT 'Aktif',
  PRIMARY KEY (`ID`),
  UNIQUE KEY `KODE` (`KODE`),
  KEY `ID_KATEGORI` (`ID_KATEGORI`),
  KEY `ID_MERK` (`ID_MERK`),
  CONSTRAINT `produk_ibfk_1` FOREIGN KEY (`ID_KATEGORI`) REFERENCES `kategori` (`ID`),
  CONSTRAINT `produk_ibfk_2` FOREIGN KEY (`ID_MERK`) REFERENCES `merk` (`ID`)
) ENGINE=InnoDB AUTO_INCREMENT=114 DEFAULT CHARSET=utf8mb4 COLLATE=utf8mb4_general_ci;

/*Data for the table `produk` */

insert  into `produk`(`ID`,`KODE`,`NAMA`,`DESKRIPSI`,`HARGA`,`ID_KATEGORI`,`ID_MERK`,`STOK`,`STATUS`) values 
(1,'PRD001','Nike Air Max 90','Sneakers dengan bantalan udara',1800000.00,1,1,50,'Aktif'),
(2,'PRD002','Nike Free Run','Sepatu lari fleksibel',1400000.00,5,1,30,'Aktif'),
(3,'PRD003','Nike Blazer Mid','Sneakers klasik high-top',1700000.00,7,1,25,'Aktif'),
(4,'PRD004','Nike React Infinity','Sepatu lari dengan bantalan reaktif',1600000.00,5,1,35,'Aktif'),
(5,'PRD005','Nike Phantom GT','Sepatu bola dengan grip maksimal',2100000.00,10,1,40,'Aktif'),
(6,'PRD006','Adidas Ultraboost','Sepatu lari dengan teknologi Boost',2200000.00,5,2,40,'Aktif'),
(7,'PRD007','Adidas Samba','Sneakers klasik dengan sol karet',1300000.00,1,2,50,'Aktif'),
(8,'PRD008','Adidas X Ghosted','Sepatu bola dengan desain ringan',1900000.00,10,2,30,'Aktif'),
(9,'PRD009','Adidas Continental 80','Sneakers retro dengan desain elegan',1500000.00,7,2,20,'Aktif'),
(10,'PRD010','Adidas Copa Sense','Sepatu bola premium berbahan kulit',2300000.00,10,2,25,'Aktif'),
(11,'PRD011','Puma Ralph Sampson','Sneakers klasik dari legenda basket',1400000.00,1,3,40,'Aktif'),
(12,'PRD012','Puma Ultra 1.4','Sepatu bola untuk kecepatan tinggi',2000000.00,10,3,30,'Aktif'),
(13,'PRD013','Puma Deviate Nitro','Sepatu lari dengan bantalan Nitro',1900000.00,5,3,35,'Aktif'),
(14,'PRD014','Puma Future Rider','Sneakers dengan desain warna-warni',1200000.00,7,3,50,'Aktif'),
(15,'PRD015','Puma King Platinum','Sepatu bola berbahan kulit premium',2100000.00,10,3,25,'Aktif'),
(16,'PRD016','New Balance 574','Sneakers kasual dengan bantalan empuk',1300000.00,1,4,45,'Aktif'),
(17,'PRD017','New Balance Fresh Foam','Sepatu lari dengan teknologi Fresh Foam',1800000.00,5,4,30,'Aktif'),
(18,'PRD018','New Balance Tekela','Sepatu bola untuk kontrol bola optimal',2000000.00,10,4,20,'Aktif'),
(19,'PRD019','New Balance 327','Sneakers retro dengan desain modern',1500000.00,7,4,35,'Aktif'),
(20,'PRD020','New Balance 990v5','Sepatu lari premium dengan stabilitas tinggi',2200000.00,5,4,25,'Aktif'),
(21,'PRD021','Reebok Classic Leather','Sneakers klasik berbahan kulit',1400000.00,1,5,50,'Aktif'),
(22,'PRD022','Reebok Nano X','Sepatu training dengan stabilitas tinggi',1600000.00,12,5,30,'Aktif'),
(23,'PRD023','Reebok Zig Kinetica','Sneakers futuristik dengan bantalan unik',1900000.00,7,5,40,'Aktif'),
(24,'PRD024','Reebok Floatride Run','Sepatu lari dengan bantalan responsif',1800000.00,5,5,25,'Aktif'),
(25,'PRD025','Reebok Instapump Fury','Sneakers dengan sistem Pump fit',2300000.00,1,5,20,'Aktif'),
(26,'PRD026','Asics Gel Nimbus','Sepatu lari dengan bantalan gel',1900000.00,5,6,40,'Aktif'),
(27,'PRD027','Under Armour HOVR','Sepatu training dengan bantalan HOVR',1700000.00,12,7,30,'Aktif'),
(28,'PRD028','Skechers Go Run','Sepatu lari ringan',1300000.00,5,8,35,'Aktif'),
(29,'PRD029','Mizuno Wave Rider','Sepatu lari stabil dengan bantalan Wave',1600000.00,5,9,25,'Aktif'),
(30,'PRD030','Fila Disruptor II','Sneakers chunky dengan desain retro',1400000.00,1,10,20,'Aktif'),
(31,'PRD031','Vans Old Skool','Sepatu skate dengan desain klasik',1100000.00,1,11,50,'Aktif'),
(32,'PRD032','Converse Chuck 70','Sneakers klasik dari Converse',1200000.00,1,12,40,'Aktif'),
(33,'PRD033','Balenciaga Triple S','Sneakers mewah dengan desain oversized',8500000.00,7,13,10,'Aktif'),
(34,'PRD034','Gucci Rhyton','Sneakers premium dari Gucci',9000000.00,7,15,15,'Aktif'),
(35,'PRD035','Prada Cloudbust','Sneakers futuristik dari Prada',7500000.00,7,16,12,'Aktif'),
(36,'PRD036','Nike Court Vision','Sneakers casual dengan desain sporty',1200000.00,2,1,50,'Aktif'),
(37,'PRD037','Adidas Stan Smith','Sneakers putih klasik dengan sol karet',1300000.00,2,2,40,'Aktif'),
(38,'PRD038','Puma Suede Classic','Sepatu casual berbahan suede',1100000.00,2,3,30,'Aktif'),
(39,'PRD039','New Balance 997H','Sneakers lifestyle dengan desain premium',1400000.00,2,4,20,'Aktif'),
(40,'PRD040','Vans Slip-On','Sneakers tanpa tali dengan motif ikonik',1000000.00,2,11,35,'Aktif'),
(41,'PRD041','Dr. Martens 1461','Sepatu formal berbahan kulit premium',2000000.00,3,13,20,'Aktif'),
(42,'PRD042','Clarks Desert Boot','Sepatu kasual-formal berbahan suede',1800000.00,3,14,25,'Aktif'),
(43,'PRD043','Gucci Horsebit Loafer','Sepatu formal premium dari Gucci',8500000.00,3,15,10,'Aktif'),
(44,'PRD044','Prada Oxford Shoes','Sepatu formal klasik dari Prada',9200000.00,3,16,8,'Aktif'),
(45,'PRD045','Bally Stride','Sepatu formal eksklusif berbahan kulit',7000000.00,3,17,15,'Aktif'),
(46,'PRD046','Merrell Moab 2','Sepatu hiking tahan air dan breathable',1900000.00,4,18,30,'Aktif'),
(47,'PRD047','Salomon X Ultra 4','Sepatu outdoor dengan grip maksimal',2200000.00,4,19,25,'Aktif'),
(48,'PRD048','Columbia Newton Ridge','Sepatu hiking ringan dan nyaman',1700000.00,4,20,40,'Aktif'),
(49,'PRD049','The North Face Hedgehog','Sepatu gunung dengan teknologi tahan air',2300000.00,4,21,20,'Aktif'),
(50,'PRD050','Timberland White Ledge','Sepatu hiking berbahan kulit premium',2600000.00,4,22,15,'Aktif'),
(51,'PRD051','Nike Metcon 8','Sepatu training dengan sol stabil',1800000.00,6,1,30,'Aktif'),
(52,'PRD052','Adidas Powerlift 4','Sepatu angkat beban dengan desain kokoh',1700000.00,6,2,25,'Aktif'),
(53,'PRD053','Under Armour Tribase','Sepatu training fleksibel dan stabil',1600000.00,6,7,40,'Aktif'),
(54,'PRD054','Reebok Legacy Lifter','Sepatu angkat beban dengan heel tinggi',2200000.00,6,5,15,'Aktif'),
(55,'PRD055','New Balance Minimus TR','Sepatu training ringan dengan grip kuat',1500000.00,6,4,35,'Aktif'),
(56,'PRD056','Nike Vaporfly Next%','Sepatu lari dengan teknologi karbon',3800000.00,8,1,25,'Aktif'),
(57,'PRD057','Asics Metaspeed Sky','Sepatu lari untuk kecepatan maksimal',3500000.00,8,6,20,'Aktif'),
(58,'PRD058','Brooks Ghost 14','Sepatu lari dengan bantalan empuk',1900000.00,8,23,35,'Aktif'),
(59,'PRD059','Hoka One One Clifton','Sepatu lari dengan desain ringan',2000000.00,8,24,30,'Aktif'),
(60,'PRD060','Mizuno Wave Sky','Sepatu lari premium dengan responsivitas tinggi',2300000.00,8,9,15,'Aktif'),
(61,'PRD061','Nike Lebron 19','Sepatu basket dengan bantalan maksimal',2700000.00,9,1,25,'Aktif'),
(62,'PRD062','Adidas Harden Vol. 6','Sepatu basket ringan dan fleksibel',2600000.00,9,2,20,'Aktif'),
(63,'PRD063','Puma Clyde All-Pro','Sepatu basket retro dengan teknologi modern',2500000.00,9,3,30,'Aktif'),
(64,'PRD064','Under Armour Curry Flow','Sepatu signature dari Stephen Curry',2800000.00,9,7,15,'Aktif'),
(65,'PRD065','New Balance Kawhi','Sepatu basket signature dari Kawhi Leonard',2900000.00,9,4,10,'Aktif'),
(66,'PRD066','Balenciaga Speed Trainer','Sneakers premium dengan desain sock-fit',9000000.00,11,13,10,'Aktif'),
(67,'PRD067','Gucci Ace Sneakers','Sneakers mewah dengan desain khas Gucci',9500000.00,11,15,12,'Aktif'),
(68,'PRD068','Prada Americas Cup','Sneakers premium dengan sol unik',8800000.00,11,16,8,'Aktif'),
(69,'PRD069','Louis Vuitton LV Trainer','Sneakers mewah dari Louis Vuitton',12000000.00,11,25,5,'Aktif'),
(70,'PRD070','Dior B23','Sneakers eksklusif dari Dior',11000000.00,11,26,7,'Aktif'),
(71,'PRD071','Nike Sacai LDWaffle','Sneakers hasil kolaborasi Nike & Sacai',7800000.00,13,1,15,'Aktif'),
(72,'PRD072','Adidas Yeezy Boost 350','Sneakers hasil kolaborasi Adidas & Kanye',8500000.00,13,2,12,'Aktif'),
(73,'PRD073','Puma RS-X','Sneakers futuristik dengan desain unik',1600000.00,13,3,25,'Aktif'),
(74,'PRD074','Vans Vault OG','Sneakers dengan desain klasik dan premium',1900000.00,13,11,20,'Aktif'),
(75,'PRD075','Reebok Club C 85 Vintage','Sneakers retro dengan desain simpel',1400000.00,13,5,30,'Aktif'),
(76,'PRD076','Asics Gel Kayano 28','Sepatu lari stabil dengan bantalan Gel',2100000.00,5,6,30,'Aktif'),
(77,'PRD077','Asics GT-2000','Sepatu lari ringan dan responsif',1900000.00,8,6,25,'Aktif'),
(78,'PRD078','Asics Noosa Tri','Sepatu lari triathlon dengan desain menarik',2000000.00,5,6,20,'Aktif'),
(79,'PRD079','Asics Gel Lyte III','Sneakers klasik dengan desain retro',1700000.00,7,6,40,'Aktif'),
(80,'PRD080','Asics Hyperion Tempo','Sepatu lari cepat dengan desain aerodinamis',2300000.00,8,6,15,'Aktif'),
(81,'PRD081','Under Armour Phantom 2','Sepatu training ringan dan fleksibel',1700000.00,6,7,25,'Aktif'),
(82,'PRD082','Under Armour Sonic','Sepatu lari dengan bantalan HOVR',1800000.00,8,7,30,'Aktif'),
(83,'PRD083','Under Armour Assert 9','Sepatu running dengan grip kuat',1600000.00,8,7,20,'Aktif'),
(84,'PRD084','Under Armour Spawn 4','Sepatu basket dengan stabilitas tinggi',2200000.00,9,7,15,'Aktif'),
(85,'PRD085','Under Armour Valsetz','Sepatu tactical ringan dan kuat',2000000.00,4,7,10,'Aktif'),
(86,'PRD086','Skechers D’Lites','Sneakers chunky dengan bantalan empuk',1500000.00,7,8,30,'Aktif'),
(87,'PRD087','Skechers Arch Fit','Sepatu kasual dengan dukungan lengkung kaki',1400000.00,2,8,35,'Aktif'),
(88,'PRD088','Skechers GOrun Razor','Sepatu lari ultra-ringan',1600000.00,8,8,20,'Aktif'),
(89,'PRD089','Skechers Max Cushioning','Sepatu lari dengan bantalan ekstra',1700000.00,8,8,25,'Aktif'),
(90,'PRD090','Skechers Flex Advantage','Sepatu training dengan desain breathable',1300000.00,6,8,40,'Aktif'),
(91,'PRD091','Mizuno Morelia Neo III','Sepatu bola berbahan kulit premium',2300000.00,10,9,15,'Aktif'),
(92,'PRD092','Mizuno Wave Creation 20','Sepatu lari dengan teknologi Wave Plate',2100000.00,8,9,20,'Aktif'),
(93,'PRD093','Mizuno Wave Sky 5','Sepatu lari dengan bantalan responsif',2200000.00,8,9,25,'Aktif'),
(94,'PRD094','Mizuno Wave Inspire 17','Sepatu lari dengan stabilitas tinggi',1900000.00,8,9,30,'Aktif'),
(95,'PRD095','Mizuno Alpha Elite','Sepatu bola dengan desain aerodinamis',2500000.00,10,9,12,'Aktif'),
(96,'PRD096','Fila Ray Tracer','Sneakers kasual dengan desain unik',1600000.00,7,10,30,'Aktif'),
(97,'PRD097','Fila MB Mesh','Sepatu basket retro dari Fila',1800000.00,9,10,25,'Aktif'),
(98,'PRD098','Fila Mindblower','Sneakers chunky dengan desain klasik',1700000.00,7,10,20,'Aktif'),
(99,'PRD099','Fila Grant Hill 2','Sepatu basket signature dari Grant Hill',2000000.00,9,10,15,'Aktif'),
(100,'PRD100','Fila Axilus 2','Sepatu tenis dengan performa tinggi',1500000.00,10,10,35,'Aktif'),
(101,'PRD101','Vans Sk8-Hi','Sneakers klasik high-top',1300000.00,7,11,40,'Aktif'),
(102,'PRD102','Vans Era','Sepatu skate ikonik dari Vans',1200000.00,2,11,50,'Aktif'),
(103,'PRD103','Vans Authentic','Sepatu skate low-top klasik',1100000.00,2,11,30,'Aktif'),
(104,'PRD104','Vans UltraRange','Sneakers untuk gaya hidup aktif',1400000.00,7,11,25,'Aktif'),
(105,'PRD105','Vans Old Skool Pro','Sneakers klasik dengan teknologi Pro Skate',1250000.00,7,11,20,'Aktif'),
(106,'PRD106','Converse All Star Lift','Sneakers platform dengan desain klasik',1400000.00,7,12,35,'Aktif'),
(107,'PRD107','Converse Run Star Hike','Sneakers dengan sol tinggi bergelombang',1700000.00,7,12,25,'Aktif'),
(108,'PRD108','Converse Pro Leather','Sneakers basket klasik',1500000.00,9,12,20,'Aktif'),
(109,'PRD109','Converse Weapon','Sneakers basket dengan desain klasik',1600000.00,9,12,15,'Aktif'),
(110,'PRD110','Converse Chuck Taylor 1970s','Sneakers klasik dengan kualitas premium',1300000.00,7,12,30,'Aktif'),
(111,'PRD111','Balenciaga Track','Sneakers premium dengan desain sporty',10500000.00,11,13,10,'Aktif'),
(112,'PRD112','Gucci Tennis 1977','Sneakers mewah dari Gucci',9900000.00,11,15,8,'Aktif'),
(113,'PRD113','Prada Cloudbust Thunder','Sneakers premium dengan desain futuristik',8900000.00,11,16,5,'Aktif');

/*Table structure for table `produksi` */

DROP TABLE IF EXISTS `produksi`;

CREATE TABLE `produksi` (
  `ID` int(11) NOT NULL AUTO_INCREMENT,
  `ID_PRODUK` int(11) NOT NULL,
  `TANGGAL_MULAI` date NOT NULL,
  `TANGGAL_SELESAI` date DEFAULT NULL,
  `QTY` int(11) NOT NULL CHECK (`QTY` > 0),
  `STATUS` enum('Dalam Proses','Selesai','Dibatalkan') DEFAULT 'Dalam Proses',
  PRIMARY KEY (`ID`),
  KEY `ID_PRODUK` (`ID_PRODUK`),
  CONSTRAINT `produksi_ibfk_1` FOREIGN KEY (`ID_PRODUK`) REFERENCES `produk` (`ID`)
) ENGINE=InnoDB AUTO_INCREMENT=213 DEFAULT CHARSET=utf8mb4 COLLATE=utf8mb4_general_ci;

/*Data for the table `produksi` */

insert  into `produksi`(`ID`,`ID_PRODUK`,`TANGGAL_MULAI`,`TANGGAL_SELESAI`,`QTY`,`STATUS`) values 
(1,1,'2025-03-01','2025-03-05',500,'Selesai'),
(2,2,'2025-03-02','2025-03-06',400,'Selesai'),
(3,3,'2025-03-03','2025-03-07',450,'Selesai'),
(4,4,'2025-03-04',NULL,600,'Dalam Proses'),
(5,5,'2025-03-05','2025-03-10',350,'Selesai'),
(6,6,'2025-03-06',NULL,700,'Dalam Proses'),
(7,7,'2025-03-07','2025-03-12',500,'Selesai'),
(8,8,'2025-03-08','2025-03-14',450,'Selesai'),
(9,9,'2025-03-09','2025-03-15',480,'Selesai'),
(10,10,'2025-03-10',NULL,550,'Dalam Proses'),
(11,11,'2025-03-11','2025-03-16',600,'Selesai'),
(12,12,'2025-03-12','2025-03-18',700,'Selesai'),
(13,13,'2025-03-13',NULL,650,'Dalam Proses'),
(14,14,'2025-03-14','2025-03-19',400,'Selesai'),
(15,15,'2025-03-15',NULL,300,'Dalam Proses'),
(16,16,'2025-03-16','2025-03-21',500,'Selesai'),
(17,17,'2025-03-17','2025-03-22',450,'Selesai'),
(18,18,'2025-03-18','2025-03-24',550,'Selesai'),
(19,19,'2025-03-19',NULL,600,'Dalam Proses'),
(20,20,'2025-03-20','2025-03-25',400,'Selesai'),
(21,21,'2025-03-21','2025-03-26',700,'Selesai'),
(22,22,'2025-03-22',NULL,500,'Dalam Proses'),
(23,23,'2025-03-23','2025-03-28',450,'Selesai'),
(24,24,'2025-03-24','2025-03-30',480,'Selesai'),
(25,25,'2025-03-25','2025-04-01',550,'Selesai'),
(26,26,'2025-03-26',NULL,600,'Dalam Proses'),
(27,27,'2025-03-27','2025-04-02',700,'Selesai'),
(28,28,'2025-03-28',NULL,650,'Dalam Proses'),
(29,29,'2025-03-29','2025-04-04',400,'Selesai'),
(30,30,'2025-03-30',NULL,300,'Dalam Proses'),
(31,31,'2025-03-31','2025-04-06',500,'Selesai'),
(32,32,'2025-04-01','2025-04-07',450,'Selesai'),
(33,33,'2025-04-02','2025-04-08',550,'Selesai'),
(34,34,'2025-04-03',NULL,600,'Dalam Proses'),
(35,35,'2025-04-04','2025-04-09',400,'Selesai'),
(36,36,'2025-04-05','2025-04-10',700,'Selesai'),
(37,37,'2025-04-06',NULL,500,'Dalam Proses'),
(38,38,'2025-04-07','2025-04-12',450,'Selesai'),
(39,39,'2025-04-08','2025-04-13',480,'Selesai'),
(40,40,'2025-04-09','2025-04-15',550,'Selesai'),
(41,41,'2025-04-10',NULL,600,'Dalam Proses'),
(42,42,'2025-04-11','2025-04-16',700,'Selesai'),
(43,43,'2025-04-12',NULL,650,'Dalam Proses'),
(44,44,'2025-04-13','2025-04-18',400,'Selesai'),
(45,45,'2025-04-14',NULL,300,'Dalam Proses'),
(46,46,'2025-04-15','2025-04-20',500,'Selesai'),
(47,47,'2025-04-16','2025-04-21',450,'Selesai'),
(48,48,'2025-04-17','2025-04-22',550,'Selesai'),
(49,49,'2025-04-18',NULL,600,'Dalam Proses'),
(50,50,'2025-04-19','2025-04-24',400,'Selesai'),
(51,51,'2025-04-20','2025-04-25',700,'Selesai'),
(52,52,'2025-04-21',NULL,500,'Dalam Proses'),
(53,53,'2025-04-22','2025-04-27',450,'Selesai'),
(54,54,'2025-04-23','2025-04-28',480,'Selesai'),
(55,55,'2025-04-24','2025-04-29',550,'Selesai'),
(56,56,'2025-04-25',NULL,600,'Dalam Proses'),
(57,57,'2025-04-26','2025-05-01',700,'Selesai'),
(58,58,'2025-04-27',NULL,650,'Dalam Proses'),
(59,59,'2025-04-28','2025-05-03',400,'Selesai'),
(60,60,'2025-04-29',NULL,300,'Dalam Proses'),
(61,61,'2025-04-30','2025-05-05',500,'Selesai'),
(62,62,'2025-05-01','2025-05-06',450,'Selesai'),
(63,63,'2025-05-02','2025-05-07',550,'Selesai'),
(64,64,'2025-05-03',NULL,600,'Dalam Proses'),
(65,65,'2025-05-04','2025-05-09',400,'Selesai'),
(66,66,'2025-05-05','2025-05-10',500,'Selesai'),
(67,67,'2025-05-06',NULL,450,'Dalam Proses'),
(68,68,'2025-05-07','2025-05-12',550,'Selesai'),
(69,69,'2025-05-08','2025-05-13',600,'Selesai'),
(70,70,'2025-05-09','2025-05-14',400,'Selesai'),
(71,71,'2025-05-10',NULL,700,'Dalam Proses'),
(72,72,'2025-05-11','2025-05-16',500,'Selesai'),
(73,73,'2025-05-12','2025-05-17',450,'Selesai'),
(74,74,'2025-05-13','2025-05-18',480,'Selesai'),
(75,75,'2025-05-14',NULL,550,'Dalam Proses'),
(76,76,'2025-05-15','2025-05-20',600,'Selesai'),
(77,77,'2025-05-16','2025-05-21',700,'Selesai'),
(78,78,'2025-05-17',NULL,650,'Dalam Proses'),
(79,79,'2025-05-18','2025-05-23',400,'Selesai'),
(80,80,'2025-05-19',NULL,300,'Dalam Proses'),
(81,81,'2025-05-20','2025-05-25',500,'Selesai'),
(82,82,'2025-05-21','2025-05-26',450,'Selesai'),
(83,83,'2025-05-22','2025-05-27',550,'Selesai'),
(84,84,'2025-05-23',NULL,600,'Dalam Proses'),
(85,85,'2025-05-24','2025-05-29',400,'Selesai'),
(86,86,'2025-05-25','2025-05-30',700,'Selesai'),
(87,87,'2025-05-26',NULL,500,'Dalam Proses'),
(88,88,'2025-05-27','2025-06-01',450,'Selesai'),
(89,89,'2025-05-28','2025-06-02',480,'Selesai'),
(90,90,'2025-05-29','2025-06-04',550,'Selesai'),
(91,91,'2025-05-30',NULL,600,'Dalam Proses'),
(92,92,'2025-05-31','2025-06-06',700,'Selesai'),
(93,93,'2025-06-01',NULL,650,'Dalam Proses'),
(94,94,'2025-06-02','2025-06-07',400,'Selesai'),
(95,95,'2025-06-03',NULL,300,'Dalam Proses'),
(96,96,'2025-06-04','2025-06-09',500,'Selesai'),
(97,97,'2025-06-05','2025-06-10',450,'Selesai'),
(98,98,'2025-06-06','2025-06-11',550,'Selesai'),
(99,99,'2025-06-07',NULL,600,'Dalam Proses'),
(100,100,'2025-06-08','2025-06-13',400,'Selesai'),
(101,101,'2025-06-09','2025-06-14',500,'Selesai'),
(102,102,'2025-06-10',NULL,450,'Dalam Proses'),
(103,103,'2025-06-11','2025-06-16',550,'Selesai'),
(104,104,'2025-06-12','2025-06-17',600,'Selesai'),
(105,105,'2025-06-13',NULL,400,'Dalam Proses'),
(106,106,'2025-06-14','2025-06-19',700,'Selesai'),
(107,107,'2025-06-15','2025-06-20',500,'Selesai'),
(108,108,'2025-06-16',NULL,450,'Dalam Proses'),
(109,109,'2025-06-17','2025-06-22',480,'Selesai'),
(110,110,'2025-06-18','2025-06-23',550,'Selesai'),
(111,111,'2025-06-19',NULL,600,'Dalam Proses'),
(112,112,'2025-06-20','2025-06-25',400,'Selesai'),
(113,113,'2025-06-21','2025-06-26',300,'Selesai'),
(114,5,'2025-06-01','2025-06-06',320,'Selesai'),
(115,12,'2025-06-02',NULL,450,'Dalam Proses'),
(116,23,'2025-06-03','2025-06-08',500,'Selesai'),
(117,34,'2025-06-04','2025-06-09',600,'Selesai'),
(118,45,'2025-06-05',NULL,400,'Dalam Proses'),
(119,51,'2025-06-06','2025-06-11',700,'Selesai'),
(120,63,'2025-06-07','2025-06-12',500,'Selesai'),
(121,74,'2025-06-08',NULL,450,'Dalam Proses'),
(122,85,'2025-06-09','2025-06-14',480,'Selesai'),
(123,96,'2025-06-10','2025-06-15',550,'Selesai'),
(124,11,'2025-06-11',NULL,600,'Dalam Proses'),
(125,22,'2025-06-12','2025-06-17',400,'Selesai'),
(126,33,'2025-06-13','2025-06-18',300,'Selesai'),
(127,44,'2025-06-14',NULL,500,'Dalam Proses'),
(128,55,'2025-06-15','2025-06-20',620,'Selesai'),
(129,66,'2025-06-16','2025-06-21',700,'Selesai'),
(130,77,'2025-06-17',NULL,450,'Dalam Proses'),
(131,88,'2025-06-18','2025-06-23',480,'Selesai'),
(132,99,'2025-06-19','2025-06-24',550,'Selesai'),
(133,13,'2025-06-20',NULL,600,'Dalam Proses'),
(134,24,'2025-06-21','2025-06-26',400,'Selesai'),
(135,35,'2025-06-22','2025-06-27',300,'Selesai'),
(136,46,'2025-06-23',NULL,500,'Dalam Proses'),
(137,57,'2025-06-24','2025-06-29',620,'Selesai'),
(138,68,'2025-06-25','2025-06-30',700,'Selesai'),
(139,79,'2025-06-26',NULL,450,'Dalam Proses'),
(140,90,'2025-06-27','2025-07-02',480,'Selesai'),
(141,101,'2025-06-28','2025-07-03',550,'Selesai'),
(142,112,'2025-06-29',NULL,600,'Dalam Proses'),
(143,113,'2025-06-30','2025-07-05',400,'Selesai'),
(144,7,'2025-07-01','2025-07-06',380,'Selesai'),
(145,18,'2025-07-02',NULL,420,'Dalam Proses'),
(146,29,'2025-07-03','2025-07-08',500,'Selesai'),
(147,40,'2025-07-04','2025-07-09',620,'Selesai'),
(148,52,'2025-07-05',NULL,450,'Dalam Proses'),
(149,61,'2025-07-06','2025-07-11',550,'Selesai'),
(150,72,'2025-07-07','2025-07-12',460,'Selesai'),
(151,84,'2025-07-08',NULL,400,'Dalam Proses'),
(152,95,'2025-07-09','2025-07-14',570,'Selesai'),
(153,106,'2025-07-10','2025-07-15',680,'Selesai'),
(154,9,'2025-07-11',NULL,530,'Dalam Proses'),
(155,21,'2025-07-12','2025-07-17',360,'Selesai'),
(156,32,'2025-07-13','2025-07-18',420,'Selesai'),
(157,43,'2025-07-14',NULL,590,'Dalam Proses'),
(158,54,'2025-07-15','2025-07-20',660,'Selesai'),
(159,65,'2025-07-16','2025-07-21',720,'Selesai'),
(160,76,'2025-07-17',NULL,470,'Dalam Proses'),
(161,87,'2025-07-18','2025-07-23',480,'Selesai'),
(162,98,'2025-07-19','2025-07-24',550,'Selesai'),
(163,110,'2025-07-20',NULL,600,'Dalam Proses'),
(164,3,'2025-07-21','2025-07-26',410,'Selesai'),
(165,14,'2025-07-22',NULL,530,'Dalam Proses'),
(166,25,'2025-07-23','2025-07-28',480,'Selesai'),
(167,36,'2025-07-24','2025-07-29',600,'Selesai'),
(168,47,'2025-07-25',NULL,450,'Dalam Proses'),
(169,58,'2025-07-26','2025-07-31',520,'Selesai'),
(170,69,'2025-07-27','2025-08-01',490,'Selesai'),
(171,80,'2025-07-28',NULL,430,'Dalam Proses'),
(172,91,'2025-07-29','2025-08-03',570,'Selesai'),
(173,102,'2025-07-30','2025-08-04',640,'Selesai'),
(174,5,'2025-07-31',NULL,500,'Dalam Proses'),
(175,16,'2025-08-01','2025-08-06',370,'Selesai'),
(176,27,'2025-08-02','2025-08-07',460,'Selesai'),
(177,38,'2025-08-03',NULL,590,'Dalam Proses'),
(178,49,'2025-08-04','2025-08-09',650,'Selesai'),
(179,60,'2025-08-05','2025-08-10',710,'Selesai'),
(180,71,'2025-08-06',NULL,460,'Dalam Proses'),
(181,82,'2025-08-07','2025-08-12',470,'Selesai'),
(182,93,'2025-08-08','2025-08-13',530,'Selesai'),
(183,104,'2025-08-09',NULL,580,'Dalam Proses'),
(184,8,'2025-08-10','2025-08-15',490,'Selesai'),
(185,19,'2025-08-11','2025-08-16',540,'Selesai'),
(186,30,'2025-08-12',NULL,610,'Dalam Proses'),
(187,41,'2025-08-13','2025-08-18',660,'Selesai'),
(188,52,'2025-08-14','2025-08-19',720,'Selesai'),
(189,63,'2025-08-15',NULL,460,'Dalam Proses'),
(190,74,'2025-08-16','2025-08-21',480,'Selesai'),
(191,85,'2025-08-17','2025-08-22',550,'Selesai'),
(192,96,'2025-08-18',NULL,600,'Dalam Proses'),
(193,107,'2025-08-19','2025-08-24',650,'Selesai'),
(194,10,'2025-08-20','2025-08-25',700,'Selesai'),
(195,21,'2025-08-21',NULL,450,'Dalam Proses'),
(196,32,'2025-08-22','2025-08-27',490,'Selesai'),
(197,43,'2025-08-23','2025-08-28',560,'Selesai'),
(198,54,'2025-08-24',NULL,630,'Dalam Proses'),
(199,65,'2025-08-25','2025-08-30',690,'Selesai'),
(200,76,'2025-08-26','2025-08-31',750,'Selesai'),
(201,87,'2025-08-27',NULL,460,'Dalam Proses'),
(202,98,'2025-08-28','2025-09-02',480,'Selesai'),
(203,109,'2025-08-29','2025-09-03',550,'Selesai'),
(204,12,'2025-08-30',NULL,600,'Dalam Proses'),
(205,23,'2025-08-31','2025-09-05',650,'Selesai'),
(206,34,'2025-09-01','2025-09-06',700,'Selesai'),
(207,45,'2025-09-02',NULL,500,'Dalam Proses'),
(208,56,'2025-09-03','2025-09-08',530,'Selesai'),
(209,67,'2025-09-04','2025-09-09',590,'Selesai'),
(210,78,'2025-09-05',NULL,620,'Dalam Proses'),
(211,89,'2025-09-06','2025-09-11',670,'Selesai'),
(212,100,'2025-09-07','2025-09-12',720,'Selesai');

/*Table structure for table `retur_produk` */

DROP TABLE IF EXISTS `retur_produk`;

CREATE TABLE `retur_produk` (
  `ID` int(11) NOT NULL AUTO_INCREMENT,
  `ID_PENJUALAN` int(11) NOT NULL,
  `ID_PRODUK` int(11) NOT NULL,
  `QTY` int(11) NOT NULL CHECK (`QTY` > 0),
  `ALASAN` varchar(255) NOT NULL,
  `TANGGAL_RETUR` date NOT NULL DEFAULT curdate(),
  `STATUS` enum('Diproses','Diterima','Ditolak') NOT NULL DEFAULT 'Diproses',
  PRIMARY KEY (`ID`),
  KEY `ID_PENJUALAN` (`ID_PENJUALAN`),
  KEY `ID_PRODUK` (`ID_PRODUK`),
  CONSTRAINT `retur_produk_ibfk_1` FOREIGN KEY (`ID_PENJUALAN`) REFERENCES `penjualan` (`ID`),
  CONSTRAINT `retur_produk_ibfk_2` FOREIGN KEY (`ID_PRODUK`) REFERENCES `produk` (`ID`)
) ENGINE=InnoDB AUTO_INCREMENT=13 DEFAULT CHARSET=utf8mb4 COLLATE=utf8mb4_general_ci;

/*Data for the table `retur_produk` */

insert  into `retur_produk`(`ID`,`ID_PENJUALAN`,`ID_PRODUK`,`QTY`,`ALASAN`,`TANGGAL_RETUR`,`STATUS`) values 
(1,1,1,1,'Produk cacat','2023-10-03','Diterima'),
(2,2,3,1,'Ukuran tidak sesuai','2023-10-05','Diproses'),
(3,3,5,1,'Warna tidak sesuai','2023-10-07','Ditolak'),
(4,5,8,2,'Terlambat sampai','2023-10-10','Diterima'),
(5,7,12,1,'Barang rusak','2023-10-12','Diproses'),
(6,9,15,1,'Kesalahan pemesanan','2023-10-14','Ditolak'),
(7,12,19,1,'Produk tidak sesuai deskripsi','2023-10-17','Diterima'),
(8,16,10,1,'Produk tidak lengkap','2023-10-20','Diterima'),
(9,18,26,1,'Kemasan rusak','2023-10-22','Diproses'),
(10,22,69,1,'Produk cacat produksi','2023-10-25','Diterima'),
(11,25,102,1,'Pengiriman salah','2023-10-28','Diproses'),
(12,29,44,1,'Kualitas tidak sesuai harapan','2023-10-30','Ditolak');

/*Table structure for table `stok_produk` */

DROP TABLE IF EXISTS `stok_produk`;

CREATE TABLE `stok_produk` (
  `ID_PRODUK` int(11) NOT NULL,
  `ID_GUDANG` int(11) NOT NULL,
  `QTY` int(11) NOT NULL CHECK (`QTY` >= 0),
  PRIMARY KEY (`ID_PRODUK`,`ID_GUDANG`),
  KEY `ID_GUDANG` (`ID_GUDANG`),
  CONSTRAINT `stok_produk_ibfk_1` FOREIGN KEY (`ID_PRODUK`) REFERENCES `produk` (`ID`),
  CONSTRAINT `stok_produk_ibfk_2` FOREIGN KEY (`ID_GUDANG`) REFERENCES `gudang` (`ID`)
) ENGINE=InnoDB DEFAULT CHARSET=utf8mb4 COLLATE=utf8mb4_general_ci;

/*Data for the table `stok_produk` */

insert  into `stok_produk`(`ID_PRODUK`,`ID_GUDANG`,`QTY`) values 
(1,2,150),
(2,6,180),
(3,5,120),
(4,8,250),
(5,3,140),
(6,10,220),
(7,3,130),
(8,6,170),
(9,15,190),
(10,12,230),
(11,12,280),
(12,7,270),
(13,7,200),
(14,12,200),
(15,1,230),
(16,1,210),
(17,5,300),
(18,9,270),
(19,10,260),
(20,14,320),
(21,13,330),
(22,4,260),
(23,5,320),
(24,11,350),
(25,8,150),
(26,13,240),
(27,13,190),
(28,6,210),
(29,3,280),
(30,2,290),
(31,15,300),
(32,4,180),
(33,10,330),
(34,10,410),
(35,2,360),
(36,4,300),
(37,12,400),
(38,2,230),
(39,9,170),
(40,8,190),
(41,14,340),
(42,7,210),
(43,9,350),
(44,1,290),
(45,13,180),
(46,5,310),
(47,9,220),
(48,14,230),
(49,15,280),
(50,4,340),
(51,11,250),
(52,1,400),
(53,13,270),
(54,14,250),
(55,6,300),
(56,8,370),
(57,3,350),
(58,11,180),
(59,15,290),
(60,8,330),
(61,10,220),
(62,2,330),
(63,11,220),
(64,12,280),
(65,6,290),
(66,9,320),
(67,6,290),
(68,8,360),
(69,6,270),
(70,7,290),
(71,5,160),
(72,1,400),
(73,5,260),
(74,7,310),
(75,14,220),
(76,2,380),
(77,4,310),
(78,4,420),
(79,11,350),
(80,14,130),
(81,13,270),
(82,12,240),
(83,6,290),
(84,3,360),
(85,5,150),
(86,15,320),
(87,1,210),
(88,10,280),
(89,9,310),
(90,2,300),
(91,7,250),
(92,12,330),
(93,9,310),
(94,9,350),
(95,8,310),
(96,3,200),
(97,7,270),
(98,15,260),
(99,1,290),
(100,15,350),
(101,5,380),
(102,10,320),
(103,14,350),
(104,4,360),
(105,4,260),
(106,11,330),
(107,8,270),
(108,13,240),
(109,3,300),
(110,6,370),
(111,3,280),
(112,15,250),
(113,10,400);

/*Table structure for table `supplier` */

DROP TABLE IF EXISTS `supplier`;

CREATE TABLE `supplier` (
  `ID` int(11) NOT NULL AUTO_INCREMENT,
  `NAMA` varchar(70) NOT NULL,
  `TELEPON` varchar(15) NOT NULL,
  `EMAIL` varchar(50) DEFAULT NULL,
  `ALAMAT` text NOT NULL,
  PRIMARY KEY (`ID`),
  UNIQUE KEY `TELEPON` (`TELEPON`),
  UNIQUE KEY `EMAIL` (`EMAIL`)
) ENGINE=InnoDB AUTO_INCREMENT=16 DEFAULT CHARSET=utf8mb4 COLLATE=utf8mb4_general_ci;

/*Data for the table `supplier` */

insert  into `supplier`(`ID`,`NAMA`,`TELEPON`,`EMAIL`,`ALAMAT`) values 
(1,'PT Bahan Sejahtera','081298765431','bahan@mail.com','Jakarta'),
(2,'CV Material Kuat','081298765432','material@mail.com','Surabaya'),
(3,'UD Leather Indah','081298765433','leather@mail.com','Bandung'),
(4,'PT Sol Karet','081298765434','solkaret@mail.com','Medan'),
(5,'PT Tali Sepatu','081298765435','talisepatu@mail.com','Semarang'),
(6,'CV Pewarnaan Modern','081298765436','pewarna@mail.com','Yogyakarta'),
(7,'UD Kancing Logam','081298765437','kancing@mail.com','Makassar'),
(8,'PT Kain Tekstil','081298765438','kain@mail.com','Palembang'),
(9,'CV Packaging Aman','081298765439','packaging@mail.com','Balikpapan'),
(10,'UD Alas Kaki','081298765440','alaskaki@mail.com','Bali'),
(11,'PT Karet Lentur','081298765441','karet@mail.com','Pontianak'),
(12,'CV Lem Kuat','081298765442','lem@mail.com','Manado'),
(13,'PT Kulit Premium','081298765443','kulit@mail.com','Jayapura'),
(14,'UD Tali Sepatu','081298765444','tali@mail.com','Bengkulu'),
(15,'CV Sol Sepatu','081298765445','sol@mail.com','Pekanbaru');

/*!40101 SET SQL_MODE=@OLD_SQL_MODE */;
/*!40014 SET FOREIGN_KEY_CHECKS=@OLD_FOREIGN_KEY_CHECKS */;
/*!40014 SET UNIQUE_CHECKS=@OLD_UNIQUE_CHECKS */;
/*!40111 SET SQL_NOTES=@OLD_SQL_NOTES */;
